id,country_name,flag,country_img,code
1,Afghanistan,/img/AFflag.png,/img/AFimg.png,AF
2,Åland Islands,/img/AXflag.png,/img/AXimg.png,AX
3,Albania,/img/ALflag.png,/img/ALimg.png,AL
4,Algeria,/img/DZflag.png,/img/DZimg.png,DZ
5,American Samoa,/img/ASflag.png,/img/ASimg.png,AS
6,Andorra,/img/ADflag.png,/img/ADimg.png,AD
7,Angola,/img/AOflag.png,/img/AOimg.png,AO
8,Anguilla,/img/AIflag.png,/img/AIimg.png,AI
9,Antarctica,/img/AQflag.png,/img/AQimg.png,AQ
10,Antigua and Barbuda,/img/AGflag.png,/img/AGimg.png,AG
11,Argentina,/img/ARflag.png,/img/ARimg.png,AR
12,Armenia,/img/AMflag.png,/img/AMimg.png,AM
13,Aruba,/img/AWflag.png,/img/AWimg.png,AW
14,Australia,/img/AUflag.png,/img/AUimg.png,AU
15,Austria,/img/ATflag.png,/img/ATimg.png,AT
16,Azerbaijan,/img/AZflag.png,/img/AZimg.png,AZ
17,Bahamas,/img/BSflag.png,/img/BSimg.png,BS
18,Bahrain,/img/BHflag.png,/img/BHimg.png,BH
19,Bangladesh,/img/BDflag.png,/img/BDimg.png,BD
20,Barbados,/img/BBflag.png,/img/BBimg.png,BB
21,Belarus,/img/BYflag.png,/img/BYimg.png,BY
22,Belgium,/img/BEflag.png,/img/BEimg.png,BE
23,Belize,/img/BZflag.png,/img/BZimg.png,BZ
24,Benin,/img/BJflag.png,/img/BJimg.png,BJ
25,Bermuda,/img/BMflag.png,/img/BMimg.png,BM
26,Bhutan,/img/BTflag.png,/img/BTimg.png,BT
27,Bolivia,/img/BOflag.png,/img/BOimg.png,BO
28,Caribbean Neatherlands,/img/BQflag.png,/img/BQimg.png,BQ
29,Bosnia and Herzegovina,/img/BAflag.png,/img/BAimg.png,BA
30,Botswana,/img/BWflag.png,/img/BWimg.png,BW
31,Bouvet Island,/img/BVflag.png,/img/BVimg.png,BV
32,Brazil,/img/BRflag.png,/img/BRimg.png,BR
33,British Indian Ocean Territory,/img/IOflag.png,/img/IOimg.png,IO
34,Brunei,/img/BNflag.png,/img/BNimg.png,BN
35,Bulgaria,/img/BGflag.png,/img/BGimg.png,BG
36,Burkina Faso,/img/BFflag.png,/img/BFimg.png,BF
37,Burundi,/img/BIflag.png,/img/BIimg.png,BI
38,Cabo Verde,/img/CVflag.png,/img/CVimg.png,CV
39,Cambodia,/img/KHflag.png,/img/KHimg.png,KH
40,Cameroon,/img/CMflag.png,/img/CMimg.png,CM
41,Canada,/img/CAflag.png,/img/CAimg.png,CA
42,Cayman Islands,/img/KYflag.png,/img/KYimg.png,KY
43,Central African Republic,/img/CFflag.png,/img/CFimg.png,CF
44,Chad,/img/TDflag.png,/img/TDimg.png,TD
45,Chile,/img/CLflag.png,/img/CLimg.png,CL
46,China,/img/CNflag.png,/img/CNimg.png,CN
47,Christmas Island,/img/CXflag.png,/img/CXimg.png,CX
48,Cocos (Keeling) Islands,/img/CCflag.png,/img/CCimg.png,CC
49,Colombia,/img/COflag.png,/img/COimg.png,CO
50,Comoros,/img/KMflag.png,/img/KMimg.png,KM
51,Congo,/img/CGflag.png,/img/CGimg.png,CG
52,Democratic Republic of the Congo,/img/CDflag.png,/img/CDimg.png,CD
53,Cook Islands,/img/CKflag.png,/img/CKimg.png,CK
54,Costa Rica,/img/CRflag.png,/img/CRimg.png,CR
55,Ivory Coast,/img/CIflag.png,/img/CIimg.png,CI
56,Croatia,/img/HRflag.png,/img/HRimg.png,HR
57,Cuba,/img/CUflag.png,/img/CUimg.png,CU
58,Curaçao,/img/CWflag.png,/img/CWimg.png,CW
59,Cyprus,/img/CYflag.png,/img/CYimg.png,CY
60,Czechia,/img/CZflag.png,/img/CZimg.png,CZ
61,Denmark,/img/DKflag.png,/img/DKimg.png,DK
62,Djibouti,/img/DJflag.png,/img/DJimg.png,DJ
63,Dominica,/img/DMflag.png,/img/DMimg.png,DM
64,Dominican Republic,/img/DOflag.png,/img/DOimg.png,DO
65,Ecuador,/img/ECflag.png,/img/ECimg.png,EC
66,Egypt,/img/EGflag.png,/img/EGimg.png,EG
67,El Salvador,/img/SVflag.png,/img/SVimg.png,SV
68,Equatorial Guinea,/img/GQflag.png,/img/GQimg.png,GQ
69,Eritrea,/img/ERflag.png,/img/ERimg.png,ER
70,Estonia,/img/EEflag.png,/img/EEimg.png,EE
71,Ethiopia,/img/ETflag.png,/img/ETimg.png,ET
72,Falkland Islands,/img/FKflag.png,/img/FKimg.png,FK
73,Faroe Islands,/img/FOflag.png,/img/FOimg.png,FO
74,Fiji,/img/FJflag.png,/img/FJimg.png,FJ
75,Finland,/img/FIflag.png,/img/FIimg.png,FI
76,France,/img/FRflag.png,/img/FRimg.png,FR
77,French Guiana,/img/GFflag.png,/img/GFimg.png,GF
78,French Polynesia,/img/PFflag.png,/img/PFimg.png,PF
79,French Southern Territories,/img/TFflag.png,/img/TFimg.png,TF
80,Gabon,/img/GAflag.png,/img/GAimg.png,GA
81,Gambia,/img/GMflag.png,/img/GMimg.png,GM
82,Georgia,/img/GEflag.png,/img/GEimg.png,GE
83,Germany,/img/DEflag.png,/img/DEimg.png,DE
84,Ghana,/img/GHflag.png,/img/GHimg.png,GH
85,Gibraltar,/img/GIflag.png,/img/GIimg.png,GI
86,Greece,/img/GRflag.png,/img/GRimg.png,GR
87,Greenland,/img/GLflag.png,/img/GLimg.png,GL
88,Grenada,/img/GDflag.png,/img/GDimg.png,GD
89,Guadeloupe,/img/GPflag.png,/img/GPimg.png,GP
90,Guam,/img/GUflag.png,/img/GUimg.png,GU
91,Guatemala,/img/GTflag.png,/img/GTimg.png,GT
92,Guernsey,/img/GGflag.png,/img/GGimg.png,GG
93,Guinea,/img/GNflag.png,/img/GNimg.png,GN
94,Guinea-Bissau,/img/GWflag.png,/img/GWimg.png,GW
95,Guyana,/img/GYflag.png,/img/GYimg.png,GY
96,Haiti,/img/HTflag.png,/img/HTimg.png,HT
97,Heard Island and McDonald Islands,/img/HMflag.png,/img/HMimg.png,HM
98,Vatican City,/img/VAflag.png,/img/VAimg.png,VA
99,Honduras,/img/HNflag.png,/img/HNimg.png,HN
100,Hong Kong,/img/HKflag.png,/img/HKimg.png,HK
101,Hungary,/img/HUflag.png,/img/HUimg.png,HU
102,Iceland,/img/ISflag.png,/img/ISimg.png,IS
103,India,/img/INflag.png,/img/INimg.png,IN
104,Indonesia,/img/IDflag.png,/img/IDimg.png,ID
105,Iran,/img/IRflag.png,/img/IRimg.png,IR
106,Iraq,/img/IQflag.png,/img/IQimg.png,IQ
107,Ireland,/img/IEflag.png,/img/IEimg.png,IE
108,Isle of Man,/img/IMflag.png,/img/IMimg.png,IM
109,Israel,/img/ILflag.png,/img/ILimg.png,IL
110,Italy,/img/ITflag.png,/img/ITimg.png,IT
111,Jamaica,/img/JMflag.png,/img/JMimg.png,JM
112,Japan,/img/JPflag.png,/img/JPimg.png,JP
113,Jersey,/img/JEflag.png,/img/JEimg.png,JE
114,Jordan,/img/JOflag.png,/img/JOimg.png,JO
115,Kazakhstan,/img/KZflag.png,/img/KZimg.png,KZ
116,Kenya,/img/KEflag.png,/img/KEimg.png,KE
117,Kiribati,/img/KIflag.png,/img/KIimg.png,KI
118,North Korea,/img/KPflag.png,/img/KPimg.png,KP
119,South Korea,/img/KRflag.png,/img/KRimg.png,KR
120,Kuwait,/img/KWflag.png,/img/KWimg.png,KW
121,Kyrgyzstan,/img/KGflag.png,/img/KGimg.png,KG
122,Laos,/img/LAflag.png,/img/LAimg.png,LA
123,Latvia,/img/LVflag.png,/img/LVimg.png,LV
124,Lebanon,/img/LBflag.png,/img/LBimg.png,LB
125,Lesoto,/img/LSflag.png,/img/LSimg.png,LS
126,Liberia,/img/LRflag.png,/img/LRimg.png,LR
127,Libya,/img/LYflag.png,/img/LYimg.png,LY
128,Liechtenstein,/img/LIflag.png,/img/LIimg.png,LI
129,Lithuania,/img/LTflag.png,/img/LTimg.png,LT
130,Luxembourg,/img/LUflag.png,/img/LUimg.png,LU
131,Macao,/img/MOflag.png,/img/MOimg.png,MO
132,Macedonia,/img/MKflag.png,/img/MKimg.png,MK
133,Madagascar,/img/MGflag.png,/img/MGimg.png,MG
134,Malawi,/img/MWflag.png,/img/MWimg.png,MW
135,Malaysia,/img/MYflag.png,/img/MYimg.png,MY
136,Maldives,/img/MVflag.png,/img/MVimg.png,MV
137,Mali,/img/MLflag.png,/img/MLimg.png,ML
138,Malta,/img/MTflag.png,/img/MTimg.png,MT
139,Marshall Islands,/img/MHflag.png,/img/MHimg.png,MH
140,Martinique,/img/MQflag.png,/img/MQimg.png,MQ
141,Mauritania,/img/MRflag.png,/img/MRimg.png,MR
142,Mauritius,/img/MUflag.png,/img/MUimg.png,MU
143,Mayotte,/img/YTflag.png,/img/YTimg.png,YT
144,Mexico,/img/MXflag.png,/img/MXimg.png,MX
145,Micronesia,/img/FMflag.png,/img/FMimg.png,FM
146,Moldova,/img/MDflag.png,/img/MDimg.png,MD
147,Monaco,/img/MCflag.png,/img/MCimg.png,MC
148,Mongolia,/img/MNflag.png,/img/MNimg.png,MN
149,Montenegro,/img/MEflag.png,/img/MEimg.png,ME
150,Montserrat,/img/MSflag.png,/img/MSimg.png,MS
151,Morocco,/img/MAflag.png,/img/MAimg.png,MA
152,Mozambique,/img/MZflag.png,/img/MZimg.png,MZ
153,Myanmar,/img/MMflag.png,/img/MMimg.png,MM
154,Namibia,/img/NAflag.png,/img/NAimg.png,NA
155,Nauru,/img/NRflag.png,/img/NRimg.png,NR
156,Nepal,/img/NPflag.png,/img/NPimg.png,NP
157,Netherlands,/img/NLflag.png,/img/NLimg.png,NL
158,New Caledonia,/img/NCflag.png,/img/NCimg.png,NC
159,New Zealand,/img/NZflag.png,/img/NZimg.png,NZ
160,Nicaragua,/img/NIflag.png,/img/NIimg.png,NI
161,Niger,/img/NEflag.png,/img/NEimg.png,NE
162,Nigeria,/img/NGflag.png,/img/NGimg.png,NG
163,Niue,/img/NUflag.png,/img/NUimg.png,NU
164,Norfolk Island,/img/NFflag.png,/img/NFimg.png,NF
165,Northern Mariana Islands,/img/MPflag.png,/img/MPimg.png,MP
166,Norway,/img/NOflag.png,/img/NOimg.png,NO
167,Oman,/img/OMflag.png,/img/OMimg.png,OM
168,Pakistan,/img/PKflag.png,/img/PKimg.png,PK
169,Palau,/img/PWflag.png,/img/PWimg.png,PW
170,Palestine,/img/PSflag.png,/img/PSimg.png,PS
171,Panama,/img/PAflag.png,/img/PAimg.png,PA
172,Papua New Guinea,/img/PGflag.png,/img/PGimg.png,PG
173,Paraguay,/img/PYflag.png,/img/PYimg.png,PY
174,Peru,/img/PEflag.png,/img/PEimg.png,PE
175,Philippines,/img/PHflag.png,/img/PHimg.png,PH
176,Pitcairn,/img/PNflag.png,/img/PNimg.png,PN
177,Poland,/img/PLflag.png,/img/PLimg.png,PL
178,Portugal,/img/PTflag.png,/img/PTimg.png,PT
179,Puerto Rico,/img/PRflag.png,/img/PRimg.png,PR
180,Qatar,/img/QAflag.png,/img/QAimg.png,QA
181,Réunion,/img/REflag.png,/img/REimg.png,RE
182,Romania,/img/ROflag.png,/img/ROimg.png,RO
183,Russia,/img/RUflag.png,/img/RUimg.png,RU
184,Rwanda,/img/RWflag.png,/img/RWimg.png,RW
185,Saint Barthélemy,/img/BLflag.png,/img/BLimg.png,BL
186,Saint Helena,/img/SHflag.png,/img/SHimg.png,SH
187,Saint Kitts and Nevis,/img/KNflag.png,/img/KNimg.png,KN
188,Saint Lucia,/img/LCflag.png,/img/LCimg.png,LC
189,Saint Martin (French),/img/MFflag.png,/img/MFimg.png,MF
190,Saint Pierre and Miquelon,/img/PMflag.png,/img/PMimg.png,PM
191,Saint Vincent and the Grenadines,/img/VCflag.png,/img/VCimg.png,VC
192,Samoa,/img/WSflag.png,/img/WSimg.png,WS
193,San Marino,/img/SMflag.png,/img/SMimg.png,SM
194,Sao Tome and Principe,/img/STflag.png,/img/STimg.png,ST
195,Saudi Arabia,/img/SAflag.png,/img/SAimg.png,SA
196,Senegal,/img/SNflag.png,/img/SNimg.png,SN
197,Serbia,/img/RSflag.png,/img/RSimg.png,RS
198,Seychelles,/img/SCflag.png,/img/SCimg.png,SC
199,Sierra Leone,/img/SLflag.png,/img/SLimg.png,SL
200,Singapore,/img/SGflag.png,/img/SGimg.png,SG
201,Sint Maarten (Dutch),/img/SXflag.png,/img/SXimg.png,SX
202,Slovakia,/img/SKflag.png,/img/SKimg.png,SK
203,Slovenia,/img/SIflag.png,/img/SIimg.png,SI
204,Solomon Islands,/img/SBflag.png,/img/SBimg.png,SB
205,Somalia,/img/SOflag.png,/img/SOimg.png,SO
206,South Africa,/img/ZAflag.png,/img/ZAimg.png,ZA
207,South Georgia and the South Sandwich Islands,/img/GSflag.png,/img/GSimg.png,GS
208,South Sudan,/img/SSflag.png,/img/SSimg.png,SS
209,Spain,/img/ESflag.png,/img/ESimg.png,ES
210,Sri Lanka,/img/LKflag.png,/img/LKimg.png,LK
211,Sudan,/img/SDflag.png,/img/SDimg.png,SD
212,Suriname,/img/SRflag.png,/img/SRimg.png,SR
213,Svalbard and Jan Mayen,/img/SJflag.png,/img/SJimg.png,SJ
214,Swaziland,/img/SZflag.png,/img/SZimg.png,SZ
215,Sweden,/img/SEflag.png,/img/SEimg.png,SE
216,Switzerland,/img/CHflag.png,/img/CHimg.png,CH
217,Syria,/img/SYflag.png,/img/SYimg.png,SY
218,Taiwan,/img/TWflag.png,/img/TWimg.png,TW
219,Tajikistan,/img/TJflag.png,/img/TJimg.png,TJ
220,Tanzania,/img/TZflag.png,/img/TZimg.png,TZ
221,Thailand,/img/THflag.png,/img/THimg.png,TH
222,Timor-Leste,/img/TLflag.png,/img/TLimg.png,TL
223,Togo,/img/TGflag.png,/img/TGimg.png,TG
224,Tokelau,/img/TKflag.png,/img/TKimg.png,TK
225,Tonga,/img/TOflag.png,/img/TOimg.png,TO
226,Trinidad and Tobago,/img/TTflag.png,/img/TTimg.png,TT
227,Tunisia,/img/TNflag.png,/img/TNimg.png,TN
228,Turkey,/img/TRflag.png,/img/TRimg.png,TR
229,Turkmenistan,/img/TMflag.png,/img/TMimg.png,TM
230,Turks and Caicos Islands,/img/TCflag.png,/img/TCimg.png,TC
231,Tuvalu,/img/TVflag.png,/img/TVimg.png,TV
232,Uganda,/img/UGflag.png,/img/UGimg.png,UG
233,Ukraine,/img/UAflag.png,/img/UAimg.png,UA
234,United Arab Emirates,/img/AEflag.png,/img/AEimg.png,AE
235,United Kingdom of Great Britain and Northern Ireland,/img/GBflag.png,/img/GBimg.png,GB
236,United States of America,/img/USflag.png,/img/USimg.png,US
237,United States Minor Outlying Islands,/img/UMflag.png,/img/UMimg.png,UM
238,Uruguay,/img/UYflag.png,/img/UYimg.png,UY
239,Uzbekistan,/img/UZflag.png,/img/UZimg.png,UZ
240,Vanuatu,/img/VUflag.png,/img/VUimg.png,VU
241,Venezuela,/img/VEflag.png,/img/VEimg.png,VE
242,Vietnam,/img/VNflag.png,/img/VNimg.png,VN
243,British Virgin Islands,/img/VGflag.png,/img/VGimg.png,VG
244,US Virign Islands,/img/VIflag.png,/img/VIimg.png,VI
245,Wallis and Futuna,/img/WFflag.png,/img/WFimg.png,WF
246,Western Sahara,/img/EHflag.png,/img/EHimg.png,EH
247,Yemen,/img/YEflag.png,/img/YEimg.png,YE
248,Zamibia,/img/ZMflag.png,/img/ZMimg.png,ZM
249,Zimbabwe,/img/ZWflag.png,/img/ZWimg.png,ZW